Dependents,Education,LoanAmount,Loan_Amount_Term,Credit_History,Loan_Status,TotalIncome,LoanAmount_log,TotalIncome_log,Gender_Male,Married_Yes,Self_Employed_Yes,Property_Area_Semiurban,Property_Area_Urban
0,1,145.67,0.2732312961117544,1.0,1,5849.0,0.24403981861299018,0.012053666172255666,True,False,False,False,True
1,1,128.0,0.2732312961117544,1.0,0,6091.0,-0.014435616487031582,0.08757503243601293,True,True,False,False,False
0,1,66.0,0.2732312961117544,1.0,1,3000.0,-1.333503386625669,-1.2315752563954672,True,True,True,False,True
0,0,120.0,0.2732312961117544,1.0,1,4941.0,-0.14334207362442966,-0.30220258821823637,True,True,False,False,True
0,1,141.0,0.2732312961117544,1.0,1,6000.0,0.1788875550228049,0.059534412096097715,True,False,False,False,True
2,1,267.0,0.2732312961117544,1.0,1,9613.0,1.4577666278495434,0.937614691164734,True,True,True,False,True
0,0,95.0,0.2732312961117544,1.0,1,3849.0,-0.6093456305008303,-0.7674193330758763,True,True,False,False,True
3,1,158.0,0.2732312961117544,0.0,0,5540.0,0.40656563837188187,-0.0890519471192459,True,True,False,True,False
2,1,168.0,0.2732312961117544,1.0,1,5532.0,0.5293766077661708,-0.0917438390680701,True,True,False,False,True
1,1,349.0,0.2732312961117544,1.0,0,23809.0,1.9952562633744826,2.6272557035736446,True,True,False,True,False
2,1,70.0,0.2732312961117544,1.0,1,3900.0,-1.2167474522148012,-0.742901008673179,True,True,False,False,True
2,1,109.0,0.2732312961117544,1.0,1,4340.0,-0.3352468049883662,-0.5437854337216257,True,True,False,False,True
2,1,200.0,0.2732312961117544,1.0,1,11179.0,0.8785257645396366,1.2187716744760626,True,True,False,False,True
0,1,114.0,0.2732312961117544,1.0,0,4693.0,-0.24574426105945174,-0.39812561785988065,True,False,False,False,False
2,1,17.0,-3.4548579441686273,1.0,1,2385.0,-3.9798565082859496,-1.6588406652645145,True,True,False,False,True
0,1,125.0,0.2732312961117544,1.0,1,4950.0,-0.061813701321556044,-0.29881268967490726,True,False,False,False,True
1,0,100.0,-1.5908133240284363,1.0,1,3596.0,-0.507116786934352,-0.8940615246952726,True,False,False,False,True
0,1,76.0,0.2732312961117544,0.0,0,3510.0,-1.0534031387749039,-0.9391477944680386,False,False,False,False,True
0,0,133.0,0.2732312961117544,1.0,0,4887.0,0.0621316206119373,-0.32267253392822376,True,True,False,False,False
0,1,115.0,0.2732312961117544,1.0,1,6100.0,-0.22831146208393174,0.09032548459118638,True,True,False,False,True
0,0,104.0,0.2732312961117544,0.0,0,7660.0,-0.4289137262111428,0.5145401906727557,True,True,False,False,True
1,1,315.0,0.2732312961117544,1.0,1,11580.0,1.7894972867274799,1.2844270142865857,True,True,False,False,True
0,0,116.0,0.2732312961117544,0.0,0,4511.0,-0.2110283027133869,-0.4718021349567155,True,True,False,True,False
2,0,112.0,0.2732312961117544,0.0,0,5282.0,-0.2810693022820758,-0.17788738985271543,True,True,False,False,False
1,1,151.0,0.2732312961117544,1.0,0,6642.0,0.31591154982831726,0.24889790598346323,True,True,False,True,False
0,1,191.0,0.2732312961117544,1.0,1,9560.0,0.7862893767367759,0.9273152494763279,True,True,True,True,False
0,1,122.0,0.2732312961117544,1.0,1,5052.0,-0.11033353594785114,-0.26081881211281094,True,True,False,True,False
2,0,110.0,0.2732312961117544,1.0,1,5266.0,-0.31702518104533023,-0.18353858020537026,True,True,False,False,True
0,0,35.0,0.2732312961117544,1.0,0,1442.0,-2.584221501048343,-2.5957953273919614,True,False,False,False,True
2,1,120.0,0.2732312961117544,1.0,1,5833.0,-0.14334207362442966,0.0069509573586338065,False,False,False,True,False
1,1,201.0,0.2732312961117544,1.0,0,7535.0,0.8885182203032541,0.4838899404641046,True,True,False,False,True
0,1,74.0,0.2732312961117544,1.0,0,3167.0,-1.1063923996622114,-1.1306778731979021,True,False,False,False,True
1,1,106.0,0.2732312961117544,1.0,0,4692.0,-0.39092249149611913,-0.3985225765043947,True,False,True,False,False
0,1,114.0,0.2732312961117544,1.0,1,5167.0,-0.24574426105945174,-0.21889170872186453,True,True,False,True,False
3,1,320.0,0.2732312961117544,1.0,0,15500.0,1.8211066596691865,1.8276001943636866,True,False,False,False,False
0,1,106.31,0.2732312961117544,1.0,1,4342.0,-0.3850974912299109,-0.5429272460551532,True,True,False,False,True
0,1,100.0,0.2732312961117544,0.0,0,3158.0,-0.507116786934352,-1.1359783757515527,True,True,False,False,True
0,1,144.0,0.2732312961117544,1.0,1,5126.0,0.22098265695418082,-0.23373163973365896,False,True,False,True,False
0,1,184.0,0.2732312961117544,1.0,1,11376.0,0.7115098013026891,1.2513154554809274,True,False,False,False,True
0,0,110.0,0.2732312961117544,1.0,1,5416.0,-0.31702518104533023,-0.13121975334134603,True,False,False,True,False
0,1,80.0,0.2732312961117544,1.0,0,3600.0,-0.9514332131929446,-0.891990809960338,True,False,False,False,True
0,1,47.0,0.2732312961117544,1.0,1,3013.0,-2.0049806377384356,-1.2235218340198368,True,False,False,False,True
0,1,75.0,0.2732312961117544,1.0,1,2400.0,-1.0797234574092889,-1.6471644704315187,True,True,False,False,True
0,1,134.0,0.2732312961117544,1.0,1,6277.0,0.0771017691550748,0.14360857214203915,True,True,False,True,False
0,0,96.0,0.2732312961117544,1.0,1,4695.0,-0.5884804105807643,-0.39733195420955275,True,True,True,False,True
0,1,88.0,0.2732312961117544,1.0,1,3410.0,-0.7617895440585697,-0.9929835362453197,False,False,False,False,True
1,1,44.0,0.2732312961117544,1.0,1,5649.0,-2.134927382010231,-0.052757229959684425,True,True,False,False,True
0,1,144.0,0.2732312961117544,1.0,1,5821.0,0.22098265695418082,0.003114733509885256,True,True,False,False,True
0,1,120.0,0.2732312961117544,0.0,0,6085.0,-0.14334207362442966,0.08573913930900547,False,True,False,False,True
0,1,144.0,0.2732312961117544,1.0,1,6275.0,0.22098265695418082,0.14301493651778444,False,False,False,True,False
0,0,100.0,0.2732312961117544,1.0,1,3572.0,-0.507116786934352,-0.9065343772431936,False,True,False,True,False
0,1,120.0,0.2732312961117544,1.0,1,3086.0,-0.14334207362442966,-1.1789341779844527,False,False,False,True,False
0,1,112.0,0.2732312961117544,1.0,0,4230.0,-0.2810693022820758,-0.5916050892636148,False,False,False,True,False
2,1,134.0,0.2732312961117544,1.0,0,4616.0,0.0771017691550748,-0.4289416259438455,True,True,False,False,True
1,1,286.0,0.2732312961117544,0.0,0,11500.0,1.5956801198512385,1.271512134457923,False,True,True,False,True
2,1,97.0,0.2732312961117544,1.0,1,3875.0,-0.5678291966877719,-0.7548794824334198,True,True,False,True,False
0,1,96.0,0.2732312961117544,1.0,1,3723.0,-0.5884804105807643,-0.8294144371264225,True,True,False,True,False
0,1,135.0,0.2732312961117544,1.0,0,5566.0,0.09196143589051677,-0.08033006223807874,True,True,False,False,False
1,1,180.0,0.2732312961117544,1.0,1,10330.0,0.6674976510461346,1.0716269052948368,True,True,False,False,True
2,0,144.0,0.2732312961117544,1.0,1,6216.0,0.22098265695418082,0.1254170472507686,True,True,False,False,True
0,1,120.0,0.2732312961117544,1.0,1,6296.0,-0.14334207362442966,0.14923869689217378,True,True,False,False,True
3,1,99.0,0.2732312961117544,1.0,1,3029.0,-0.5271515363523027,-1.2136574806474048,True,True,False,False,True
0,0,165.0,-2.5228356340985316,0.0,0,6058.0,0.49331339229133087,0.07745515932873843,True,True,True,False,False
1,1,114.43,0.2732312961117544,0.0,0,4945.0,-0.23822965308636979,-0.30069520513360937,True,True,False,False,False
0,1,116.0,0.2732312961117544,0.0,0,4166.0,-0.2110283027133869,-0.6200028824266403,False,False,False,True,False
0,1,258.0,0.2732312961117544,1.0,0,10321.0,1.3889884747537578,1.0700031092768114,True,True,False,True,False
0,0,126.0,-2.5228356340985316,0.0,0,5454.0,-0.0458968144495472,-0.11819564495938747,True,False,False,False,True
1,1,312.0,0.2732312961117544,1.0,1,10750.0,1.7702906955845295,1.1458718738775042,True,True,False,False,True
3,0,125.0,-4.386880254238722,1.0,1,7100.0,-0.061813701321556044,0.3731161098568535,True,True,True,False,True
0,1,136.0,0.2732312961117544,0.0,0,4300.0,0.10671223962120965,-0.5610327255157574,False,False,False,True,False
0,1,172.0,0.2732312961117544,1.0,1,6274.0,0.5764776024325258,0.1427180477607256,True,True,False,False,True
2,0,97.0,0.2732312961117544,1.0,1,3750.0,-0.5678291966877719,-0.8159550112190344,True,True,True,True,False
0,1,81.0,-0.6587910139583409,1.0,1,3500.0,-0.9267276798755487,-0.9444619035783328,True,False,False,True,False
3,0,95.0,0.2732312961117544,0.0,0,4755.0,-0.6093456305008303,-0.3736779074468067,True,True,False,True,False
3,1,187.0,0.2732312961117544,1.0,1,7040.0,0.7438988488340921,0.35730672020851534,True,True,True,True,False
0,1,113.0,2.1372759162519452,1.0,0,3750.0,-0.26332931348158956,-0.8159550112190344,True,False,False,False,True
0,1,176.0,0.2732312961117544,1.0,0,8500.0,0.6225019080835053,0.7083821413370093,True,False,False,False,True
1,1,110.0,0.2732312961117544,1.0,0,4022.0,-0.31702518104533023,-0.6855261322314372,True,True,True,False,True
3,1,180.0,-0.6587910139583409,0.0,0,7167.0,0.6674976510461346,0.39061282561911576,True,True,False,True,False
3,0,130.0,0.2732312961117544,1.0,1,5499.0,0.016541543801698245,-0.10288918870110558,True,True,True,True,False
0,1,111.0,0.2732312961117544,1.0,1,3846.0,-0.2989669819393486,-0.7688716850197379,False,False,False,True,False
1,1,83.12,0.2732312961117544,1.0,1,2395.0,-0.875333503999045,-1.6510484105309267,True,True,True,True,False
2,1,167.0,0.2732312961117544,1.0,0,3259.0,0.5174271619883508,-1.0773427016481036,False,True,False,False,True
0,1,265.0,0.2732312961117544,1.0,0,8250.0,1.4426843423174984,0.652768969062249,True,True,False,True,False
1,1,50.0,-1.5908133240284363,1.0,1,3988.0,-1.882914434656997,-0.7013390737074052,True,True,False,False,True
0,1,136.0,0.2732312961117544,1.0,1,4897.0,0.10671223962120965,-0.3188647962632537,True,False,False,True,False
2,0,99.0,0.2732312961117544,1.0,1,5333.0,-0.5271515363523027,-0.15998777116595567,True,True,False,True,False
0,1,104.0,0.2732312961117544,1.0,1,4618.0,-0.4289137262111428,-0.4281347288368343,True,True,False,True,False
0,1,210.0,0.2732312961117544,1.0,1,8566.0,0.9762865042594615,0.7227911978997311,True,False,False,False,True
0,1,175.0,0.2732312961117544,1.0,1,9862.0,0.6110940832111256,0.9852548307010484,True,True,False,True,False
0,1,131.0,0.2732312961117544,1.0,1,5858.0,0.0318532199012188,0.014917810304282637,True,True,False,True,False
2,1,188.0,-2.5228356340985316,1.0,1,11904.0,0.7545804426061433,1.3358355917936902,True,True,False,True,False
2,0,81.0,0.2732312961117544,1.0,1,5093.0,-0.9267276798755487,-0.2457624295859277,True,True,False,False,True
0,1,122.0,0.2732312961117544,1.0,1,4133.0,-0.11033353594785114,-0.6348163896663118,True,False,False,True,False
0,0,25.0,-3.4548579441686273,1.0,1,3620.0,-3.239451597806391,-0.8816716177486,True,False,False,True,False
0,1,153.35,0.2732312961117544,1.0,0,6782.0,0.34680275738108735,0.2877549012563076,True,False,False,False,True
0,1,137.0,0.2732312961117544,1.0,1,4786.0,0.12135576383013505,-0.3615733092532984,False,True,False,True,False
0,1,50.0,0.2732312961117544,1.0,1,2974.0,-1.882914434656997,-1.2477872931475964,True,True,False,True,False
0,0,115.0,-2.5228356340985316,1.0,1,4188.0,-0.22831146208393174,-0.6101922425724328,True,True,False,True,False
0,1,131.0,0.2732312961117544,1.0,1,5300.0,0.0318532199012188,-0.17155022254924587,True,True,False,True,False
2,0,133.0,-2.5228356340985316,1.0,1,7551.0,0.0621316206119373,0.48784142739805847,True,True,False,False,True
0,1,151.0,0.2732312961117544,1.0,1,8649.0,0.31591154982831726,0.7407549088158222,True,False,False,True,False
0,1,256.99,0.2732312961117544,1.0,1,13650.0,1.3811213475441528,1.5908123112766845,True,True,False,False,True
0,1,176.35,0.2732312961117544,1.0,1,8235.0,0.6264794259359971,0.6493787963715779,True,True,False,True,False
0,1,160.0,0.2732312961117544,1.0,1,4570.0,0.43173441239161675,-0.4475973691001798,True,True,False,False,True
1,1,100.0,0.2732312961117544,1.0,1,4082.0,-0.507116786934352,-0.6579442015426451,True,True,False,False,True
2,1,225.0,0.2732312961117544,1.0,1,12543.0,1.1145657049555304,1.4332472093088433,True,True,False,False,True
0,0,120.0,0.2732312961117544,1.0,0,7333.0,-0.14334207362442966,0.4332679523475959,True,False,False,False,False
2,1,216.0,0.2732312961117544,0.0,0,7400.0,1.032742792613536,0.45021132004298325,True,True,False,False,True
3,0,94.0,2.1372759162519452,1.0,1,2825.0,-0.6304293383711763,-1.3435179450274055,True,True,False,True,False
0,1,136.0,0.2732312961117544,1.0,1,5316.0,0.10671223962120965,-0.1659352237135946,True,False,False,False,True
0,1,139.0,0.2732312961117544,1.0,1,5262.0,0.15032713709876397,-0.18495406015263077,False,True,False,True,False
0,0,152.0,0.2732312961117544,0.0,0,7686.0,0.32911471650830754,0.5208525840143358,True,True,False,False,False
1,1,167.96,0.2732312961117544,1.0,1,7451.0,0.5288999890625998,0.46300601045794804,False,False,True,True,False
0,1,118.0,0.2732312961117544,1.0,1,5050.0,-0.1769007788579083,-0.26155639145378556,True,False,False,True,False
1,1,185.0,-2.5228356340985316,1.0,1,14583.0,0.7223641440520543,1.7139877384731743,True,True,False,False,False
0,1,154.0,0.2732312961117544,1.0,1,5450.0,0.35526411916246753,-0.11956232419981547,False,True,False,True,False
1,1,85.0,0.2732312961117544,1.0,1,3612.0,-0.8308297604147309,-0.8857924386510008,True,True,False,False,True
0,1,175.0,0.2732312961117544,1.0,0,7710.0,0.6110940832111256,0.5266604870657835,True,True,False,False,False
0,1,259.0,0.2732312961117544,1.0,1,10408.0,1.3967475429445393,1.0856408364089862,False,False,False,False,True
0,1,180.0,0.2732312961117544,1.0,1,8334.0,0.6674976510461346,0.671640773104373,True,True,False,False,False
0,1,44.0,0.2732312961117544,1.0,1,4166.0,-2.134927382010231,-0.6200028824266403,False,False,False,True,False
0,1,137.0,0.2732312961117544,0.0,1,11117.0,0.12135576383013505,1.2084107387929202,False,False,False,True,False
2,1,81.0,0.2732312961117544,1.0,1,2957.0,-0.9267276798755487,-1.2584642587052903,True,True,False,True,False
0,0,194.0,0.2732312961117544,1.0,1,6314.0,0.8175066796346325,0.15455685100062103,True,True,False,False,False
0,1,93.0,0.2732312961117544,1.0,1,3692.0,-0.6517361584035141,-0.8449887187607708,False,False,False,False,False
3,1,370.0,0.2732312961117544,1.0,1,23803.0,2.1125792941709696,2.626786146199555,True,True,False,False,False
0,1,126.66,0.2732312961117544,1.0,1,5505.0,-0.035460177837013836,-0.10085779610556808,True,False,False,False,False
1,1,160.0,-2.5228356340985316,0.0,0,14363.0,0.43173441239161675,1.685668305168996,True,True,True,False,True
0,1,182.0,0.2732312961117544,1.0,0,8649.0,0.6896239803450597,0.7407549088158222,True,True,False,False,False
0,1,650.0,2.1372759162519452,1.0,1,20166.0,3.077164025108436,2.3178687242927336,True,False,True,False,True
0,1,74.0,0.2732312961117544,1.0,1,3943.0,-1.1063923996622114,-0.7224764849937334,True,False,False,False,True
0,1,70.0,0.2732312961117544,1.0,1,2718.0,-1.2167474522148012,-1.4154310798570684,True,False,False,True,False
0,1,25.0,-3.4548579441686273,1.0,1,3459.0,-3.239451597806391,-0.966409619248676,True,True,True,True,False
0,1,102.0,0.2732312961117544,1.0,1,4895.0,-0.46763560620455746,-0.3196257214896642,True,False,False,True,False
3,1,290.0,0.2732312961117544,1.0,0,11750.0,1.6235487405845412,1.3115774447245228,True,True,False,True,False
0,1,84.0,0.2732312961117544,1.0,0,4583.0,-0.8543794523089768,-0.44230613013527353,False,True,False,False,False
2,1,88.0,0.2732312961117544,1.0,1,6816.0,-0.7617895440585697,0.2970705476187807,True,True,True,False,True
0,1,242.0,0.2732312961117544,0.0,0,14999.0,1.2605959379723592,1.7663884451359684,True,False,False,True,False
2,0,129.0,0.2732312961117544,1.0,0,5630.0,0.001112535706933119,-0.05903316576339947,True,True,False,False,False
2,1,185.0,0.2732312961117544,1.0,0,7125.0,0.7223641440520543,0.3796639671305039,True,True,False,False,False
0,1,168.0,0.2732312961117544,1.0,1,5417.0,0.5293766077661708,-0.13087584463875848,True,False,False,False,True
0,1,175.0,-2.5228356340985316,1.0,1,6950.0,0.6110940832111256,0.3333382242419576,True,False,True,True,False
0,1,122.0,0.2732312961117544,1.0,1,4732.0,-0.11033353594785114,-0.38270983239405004,True,True,False,True,False
2,1,187.0,-2.5228356340985316,1.0,1,11757.0,0.7438988488340921,1.3126869668753764,True,True,False,False,True
0,1,100.0,0.2732312961117544,1.0,1,6816.0,-0.507116786934352,0.2970705476187807,False,True,False,True,False
2,1,70.0,0.2732312961117544,1.0,1,14866.0,-1.2167474522148012,1.7497950601332641,False,True,False,False,True
1,1,30.0,0.2732312961117544,1.0,1,2963.0,-2.8853000143508574,-1.2546889273405921,True,True,False,False,True
0,1,225.0,0.2732312961117544,1.0,0,11666.0,1.1145657049555304,1.2982113840824856,False,False,False,False,False
0,1,125.0,0.2732312961117544,1.0,1,5690.0,-0.061813701321556044,-0.03928602392460776,True,True,False,True,False
0,1,118.0,0.2732312961117544,0.0,0,6277.0,-0.1769007788579083,0.14360857214203915,True,False,False,False,False
0,1,152.0,0.2732312961117544,1.0,1,6327.0,0.32911471650830754,0.1583883211609527,True,True,True,False,False
0,1,244.0,0.2732312961117544,1.0,0,9166.0,1.2770999295879468,0.8489107500774257,True,False,False,False,True
2,0,113.0,0.2732312961117544,1.0,0,2281.0,-0.26332931348158956,-1.741872846022876,True,True,False,False,False
0,1,50.0,0.2732312961117544,1.0,1,3254.0,-1.882914434656997,-1.0802024495479658,True,False,False,False,True
3,1,600.0,-2.5228356340985316,0.0,1,39999.0,3.077164025108436,3.5937963306274785,True,True,False,True,False
1,1,160.0,0.2732312961117544,1.0,1,6000.0,0.43173441239161675,0.059534412096097715,True,True,False,False,False
1,1,187.0,0.2732312961117544,1.0,1,9538.0,0.7438988488340921,0.923023230970757,True,True,False,False,True
0,1,120.0,0.2732312961117544,1.0,1,5063.0,-0.14334207362442966,-0.2567673368974988,True,False,False,False,False
0,1,255.0,0.2732312961117544,1.0,1,10208.0,1.3655302400466827,1.049494094120757,True,True,False,True,False
0,0,98.0,0.2732312961117544,1.0,1,2904.0,-0.547387643408688,-1.292149517304311,True,True,False,True,False
0,1,275.0,0.2732312961117544,1.0,0,7933.0,1.5169907710677395,0.5797771509248225,True,True,False,False,True
1,1,121.0,0.2732312961117544,0.0,0,4369.0,-0.12677016358263965,-0.5313802366265007,True,True,False,True,False
2,1,158.0,0.2732312961117544,1.0,1,5614.0,0.40656563837188187,-0.06433461096505058,True,True,False,False,False
0,1,75.0,-2.5228356340985316,1.0,1,9323.0,-1.0797234574092889,0.8805496788291839,True,True,False,False,True
0,1,182.0,0.2732312961117544,1.0,1,6873.0,0.6896239803450597,0.3125842078155638,True,True,False,False,False
0,1,112.0,0.2732312961117544,1.0,0,4583.0,-0.2810693022820758,-0.44230613013527353,False,True,False,False,False
0,1,129.0,0.2732312961117544,1.0,1,5772.0,0.001112535706933119,-0.012632344993486285,True,True,False,False,False
0,1,63.0,2.1372759162519452,0.0,0,2237.0,-1.4257397744285296,-1.778147229548031,True,False,False,True,False
2,1,200.0,0.2732312961117544,1.0,1,8000.0,0.8785257645396366,0.5954445669024436,True,True,False,True,False
0,0,95.0,0.2732312961117544,1.0,1,3589.0,-0.6093456305008303,-0.897690822555518,True,True,False,False,False
3,1,700.0,-0.6587910139583409,1.0,1,51763.0,3.077164025108436,3.7619363782886546,True,True,False,False,True
3,0,81.0,-2.5228356340985316,1.0,0,3522.0,-0.9267276798755487,-0.9327908065858435,True,True,False,False,False
0,1,187.0,0.2732312961117544,1.0,1,11333.0,0.7438988488340921,1.244260329106648,True,True,False,True,False
0,0,87.0,0.2732312961117544,1.0,0,5080.0,-0.7845409240264788,-0.25052324398624426,True,True,True,True,False
0,1,116.0,0.2732312961117544,1.0,1,5461.0,-0.2110283027133869,-0.11580636594058812,True,True,False,False,False
2,1,101.0,0.2732312961117544,1.0,1,3664.0,-0.48727942741939184,-0.8591685944771902,True,True,False,False,False
3,1,495.0,0.2732312961117544,0.0,0,16816.0,2.697240014599567,1.9794183484799677,True,True,False,True,False
1,1,116.0,0.2732312961117544,1.0,1,3750.0,-0.2110283027133869,-0.8159550112190344,True,True,False,True,False
0,0,102.0,2.1372759162519452,0.0,0,3784.0,-0.46763560620455746,-0.7991432561480404,True,False,False,False,True
1,1,180.0,0.2732312961117544,0.0,0,13650.0,0.6674976510461346,1.5908123112766845,True,True,False,False,True
0,1,67.0,0.2732312961117544,1.0,0,6979.0,-1.3036735713470895,0.34109512818054527,True,False,False,False,False
0,1,73.0,-2.5228356340985316,1.0,1,4600.0,-1.1334193249730278,-0.4354094142260115,True,True,False,True,False
1,1,260.0,0.2732312961117544,1.0,0,33846.0,1.404476825771467,3.2826002013789726,True,True,False,True,False
0,1,108.0,0.2732312961117544,1.0,1,3625.0,-0.35363483875866836,-0.8791007253978386,False,True,False,True,False
0,1,120.0,0.2732312961117544,1.0,1,43897.0,-0.14334207362442966,3.7619363782886546,True,True,True,True,False
1,1,66.0,-0.6587910139583409,0.0,0,2178.0,-1.333503386625669,-1.8279235195290893,True,True,True,False,False
0,1,58.0,0.2732312961117544,1.0,1,4521.0,-1.5895272430817984,-0.46767743681209173,True,True,False,False,False
0,1,168.0,0.2732312961117544,1.0,1,5970.0,0.5293766077661708,0.05019697829720225,True,True,True,False,False
0,1,188.0,-2.5228356340985316,1.0,1,9328.0,0.7545804426061433,0.8815485130304346,True,True,False,False,False
0,0,48.0,0.2732312961117544,1.0,1,4885.0,-1.963464203925379,-0.32343501619422543,True,False,False,False,False
0,1,164.0,0.2732312961117544,1.0,0,12000.0,0.48114733893933137,1.350799282831844,True,False,False,True,False
0,0,160.0,0.2732312961117544,1.0,0,6033.0,0.43173441239161675,0.06975182663556788,True,True,False,False,True
0,1,76.0,0.2732312961117544,1.0,1,3858.0,-1.0534031387749039,-0.7630690577776729,True,False,False,True,False
0,1,120.0,0.2732312961117544,1.0,1,4191.0,-0.14334207362442966,-0.6088584216890947,True,False,False,False,False
1,1,170.0,0.2732312961117544,1.0,0,5708.0,0.5530648304461099,-0.03340246516899993,True,True,False,True,False
0,1,187.0,0.2732312961117544,1.0,1,12083.0,0.7438988488340921,1.3636404719213502,True,False,False,False,False
0,0,120.0,0.2732312961117544,1.0,1,4272.0,-0.14334207362442966,-0.5732015373652554,False,False,False,False,True
0,1,113.0,0.2732312961117544,1.0,1,6232.0,-0.26332931348158956,0.1302058059121019,False,True,False,True,False
0,1,83.0,0.2732312961117544,1.0,0,11000.0,-0.8782078452492554,1.188700290415992,True,False,True,False,True
1,0,90.0,0.2732312961117544,1.0,1,5100.0,-0.7170437980796045,-0.24320394409573667,True,True,False,True,False
2,1,166.0,0.2732312961117544,0.0,1,4923.0,0.505406375813202,-0.3090009450492154,True,False,False,True,False
3,0,70.49,-2.5228356340985316,1.0,0,3992.0,-1.202899364854773,-0.699471746674651,True,True,False,False,True
1,0,135.0,0.2732312961117544,1.0,1,4583.0,0.09196143589051677,-0.44230613013527353,True,True,False,False,True
2,0,124.0,0.2732312961117544,1.0,1,3917.0,-0.07785741731419019,-0.7347994147215112,True,True,False,True,False
0,0,120.0,0.2732312961117544,1.0,1,4408.0,-0.14334207362442966,-0.5148265589297735,False,False,False,True,False
0,1,80.0,0.2732312961117544,1.0,1,3244.0,-0.9514332131929446,-1.0859351475814805,False,False,False,False,True
0,0,55.0,0.2732312961117544,1.0,1,6506.0,-1.694601989176953,0.21035888121149748,True,False,False,False,False
0,1,59.0,0.2732312961117544,1.0,1,2479.0,-1.555686518700324,-1.5868490595261362,True,False,False,False,True
0,1,127.0,0.2732312961117544,1.0,0,3418.0,-0.030104767190923504,-0.9886189652514468,True,False,False,True,False
0,1,214.0,0.2732312961117544,1.0,0,10000.0,1.0140993658609878,1.0111424102916633,False,False,False,True,False
3,1,128.0,0.2732312961117544,0.0,0,4680.0,-0.014435616487031582,-0.40329268892266207,True,True,False,True,False
1,1,240.0,0.2732312961117544,1.0,1,7787.0,1.2439555481855125,0.5451728859823267,True,True,True,False,True
3,0,130.0,0.2732312961117544,1.0,1,5703.0,0.016541543801698245,-0.03503492421584833,True,True,True,False,False
0,1,137.0,0.2732312961117544,1.0,1,6194.0,0.12135576383013505,0.1188123418808195,True,True,False,False,True
3,0,100.0,0.2732312961117544,1.0,1,4833.0,-0.507116786934352,-0.34336988134137697,True,True,False,True,False
0,1,135.0,0.2732312961117544,1.0,0,1950.0,0.09196143589051677,-2.03384357966083,True,True,False,False,False
0,1,131.0,0.2732312961117544,1.0,1,5502.0,0.0318532199012188,-0.10187321554625495,True,True,False,True,False
2,1,72.0,0.2732312961117544,0.0,0,5000.0,-1.160813974822141,-0.2800914168917293,True,True,False,True,False
2,1,127.0,0.2732312961117544,1.0,1,6666.0,-0.030104767190923504,0.25561692293989213,False,True,False,True,False
0,1,60.0,0.2732312961117544,0.0,0,2221.0,-1.5224051708202457,-1.7915150027045224,True,True,False,False,True
2,1,116.0,0.2732312961117544,1.0,1,5726.0,-0.2110283027133869,-0.027537427615352817,True,True,False,True,False
0,1,144.0,0.2732312961117544,1.0,1,5762.0,0.22098265695418082,-0.01586245223627193,True,False,False,True,False
0,1,175.0,0.2732312961117544,1.0,1,8588.0,0.6110940832111256,0.7275695589476412,True,True,False,True,False
0,1,128.0,0.2732312961117544,1.0,1,6250.0,-0.014435616487031582,0.13557848778925632,True,True,False,True,False
0,1,170.0,0.2732312961117544,1.0,0,3250.0,0.5530648304461099,-1.0824934125061232,True,True,False,False,False
0,0,138.0,0.2732312961117544,1.0,0,4735.0,0.13589355770039743,-0.3815292692173843,True,True,True,False,True
2,1,210.0,0.2732312961117544,1.0,1,7945.0,0.9762865042594615,0.5825929580970204,True,True,False,True,False
0,1,158.0,2.1372759162519452,1.0,1,4758.0,0.40656563837188187,-0.3725030516700093,True,True,False,True,False
0,1,200.0,0.2732312961117544,1.0,1,6400.0,0.8785257645396366,0.17975836509995932,True,False,True,False,False
1,1,104.0,0.2732312961117544,1.0,1,4545.0,-0.4289137262111428,-0.45781525909017623,True,True,False,True,False
0,1,42.0,-2.5228356340985316,1.0,1,3716.0,-2.2264647676523364,-0.8329198481152827,True,True,False,False,False
0,0,120.0,0.2732312961117544,1.0,1,5787.0,-0.14334207362442966,-0.007797660010070274,True,False,False,False,False
0,1,280.0,0.2732312961117544,1.0,1,8333.0,1.5531403184411392,0.6714172293533144,False,False,False,True,False
1,1,140.0,0.2732312961117544,1.0,1,4934.0,0.1646579855241853,-0.3048434467623991,True,True,False,True,False
1,1,170.0,0.2732312961117544,1.0,1,6760.0,0.5530648304461099,0.2817022145093289,True,True,False,False,False
0,1,255.0,0.2732312961117544,1.0,0,5746.0,1.3655302400466827,-0.021042300273946515,True,True,False,False,True
0,1,122.0,0.2732312961117544,1.0,1,3463.0,-0.11033353594785114,-0.9642569611340213,False,False,True,False,True
1,1,112.0,0.2732312961117544,1.0,1,3812.0,-0.2810693022820758,-0.7854112879712519,False,False,False,False,False
1,1,96.0,0.2732312961117544,1.0,1,3315.0,-0.5884804105807643,-1.0456098719345372,True,True,False,True,False
2,1,120.0,0.2732312961117544,1.0,1,10819.0,-0.14334207362442966,1.1577912184083206,True,True,False,False,False
1,0,140.0,-2.5228356340985316,1.0,0,4493.0,0.1646579855241853,-0.47924968141307916,True,True,False,False,True
0,1,155.0,-4.386880254238722,1.0,1,8666.0,0.3682125605965199,0.7444129491023846,True,False,False,False,True
2,1,108.0,0.2732312961117544,1.0,1,7550.0,-0.35363483875866836,0.48759470484046075,True,True,True,False,False
0,0,123.0,0.2732312961117544,1.0,1,7823.0,-0.09402999987564502,0.5537653319157034,True,True,False,True,False
0,1,120.0,-2.5228356340985316,1.0,0,10383.0,-0.14334207362442966,1.081160659693882,True,False,True,False,True
2,1,112.0,0.2732312961117544,1.0,1,9703.0,-0.2810693022820758,0.954974924975651,True,True,False,False,True
1,0,137.0,-2.5228356340985316,1.0,1,6608.0,0.12135576383013505,0.23933762794436414,True,True,False,False,True
1,1,123.0,2.1372759162519452,1.0,1,4725.0,-0.09402999987564502,-0.38546739241468353,True,True,False,True,False
0,1,90.0,0.2732312961117544,1.0,1,3677.0,-0.7170437980796045,-0.8525716571525274,True,True,False,False,True
0,0,201.0,0.2732312961117544,0.0,0,5558.0,0.8885182203032541,-0.08300937298703456,True,True,False,True,False
2,1,138.0,0.2732312961117544,1.0,0,3427.0,0.13589355770039743,-0.9837210133963723,False,False,False,False,True
0,0,104.0,0.2732312961117544,1.0,1,4750.0,-0.4289137262111428,-0.3756376482301779,True,False,True,False,False
1,0,279.0,-2.5228356340985316,1.0,1,9762.0,1.54596214433637,0.9662683687154863,True,True,False,True,False
0,1,192.0,0.2732312961117544,0.0,0,16250.0,0.7967490143046851,1.915632696507008,True,False,True,False,True
3,1,255.0,0.2732312961117544,1.0,1,3083.0,1.3655302400466827,-1.1807456758334964,False,False,False,False,False
0,0,115.0,0.2732312961117544,0.0,0,6045.0,-0.22831146208393174,0.07345340147758024,True,False,False,False,False
3,1,94.0,0.2732312961117544,1.0,0,5250.0,-0.6304293383711763,-0.18920696378581087,True,True,False,False,True
0,1,304.0,0.2732312961117544,1.0,0,16783.0,1.718158962693079,1.975758745630659,True,True,False,False,False
3,0,128.0,0.2732312961117544,1.0,0,4931.0,-0.014435616487031582,-0.30597639017886513,True,True,False,True,False
1,1,330.0,0.2732312961117544,1.0,1,10333.0,1.8828745617289637,1.0721678562952872,True,True,False,False,True
0,1,134.0,0.2732312961117544,1.0,1,4269.0,0.0771017691550748,-0.5745100651430058,True,False,False,True,False
1,1,155.0,-4.759689178266761,1.0,0,3481.0,0.3682125605965199,-0.9546006604982126,False,False,False,True,False
0,1,120.0,0.2732312961117544,1.0,1,7200.0,-0.14334207362442966,0.399170588302438,False,False,False,False,False
0,1,128.0,0.2732312961117544,1.0,1,5166.0,-0.014435616487031582,-0.21925225548466737,True,False,True,True,False
0,1,151.0,0.2732312961117544,1.0,1,7542.0,0.31591154982831726,0.4856197473045641,True,False,False,False,False
2,1,150.0,0.2732312961117544,1.0,1,6095.0,0.302621232902513,0.08879795692427149,True,True,False,True,False
3,1,160.0,0.2732312961117544,0.0,1,6144.0,0.43173441239161675,0.10371399838741796,True,True,False,False,True
0,1,135.0,0.2732312961117544,1.0,0,3418.0,0.09196143589051677,-0.9886189652514468,False,False,False,False,False
1,1,90.0,0.2732312961117544,1.0,1,4436.0,-0.7170437980796045,-0.5030319206368927,False,False,False,False,True
0,1,30.0,0.2732312961117544,1.0,1,3237.0,-2.8853000143508574,-1.0899585573624755,False,False,False,False,True
0,1,136.0,0.2732312961117544,1.0,1,11146.0,0.10671223962120965,1.2132641559851267,True,True,False,False,True
0,1,126.0,0.2732312961117544,1.0,1,4690.0,-0.0458968144495472,-0.3993167476123128,True,False,False,False,False
0,1,150.0,0.2732312961117544,1.0,1,4843.0,0.302621232902513,-0.3395196518434953,True,True,False,True,False
2,1,90.0,0.2732312961117544,1.0,1,3900.0,-0.7170437980796045,-0.742901008673179,True,True,False,True,False
1,1,115.0,0.2732312961117544,1.0,1,4592.0,-0.22831146208393174,-0.4386517476803143,True,True,False,True,False
0,1,207.0,0.2732312961117544,1.0,1,7267.0,0.9474534239064267,0.4164254495117399,True,True,False,True,False
0,1,80.0,0.2732312961117544,1.0,1,4403.0,-0.9514332131929446,-0.5169406240504675,True,True,False,False,True
0,1,436.0,0.2732312961117544,1.0,1,14583.0,2.442247951396887,1.7139877384731743,True,True,False,True,False
0,0,124.0,0.2732312961117544,1.0,1,4100.0,-0.07785741731419019,-0.6497486220915395,False,True,False,False,False
1,0,158.0,0.2732312961117544,0.0,0,6479.0,0.40656563837188187,0.20261198692761637,True,False,True,False,True
0,1,112.0,0.2732312961117544,1.0,1,4727.0,-0.2810693022820758,-0.3846791015668891,True,True,False,True,False
2,1,78.0,-2.5228356340985316,1.0,1,3286.7999878,-1.0017727277477326,-1.0615220674026915,True,True,False,False,True
0,1,54.0,0.2732312961117544,1.0,1,3477.0,-1.7308818122259724,-0.9567421841718873,False,False,False,False,True
0,1,471.97,0.2732312961117544,1.0,0,20667.0,2.6015113958224356,2.363587968075242,True,True,False,False,False
0,1,89.0,0.2732312961117544,1.0,1,6211.0,-0.7392923747726245,0.12391803245354394,True,False,False,False,False
0,1,99.0,-0.6587910139583409,1.0,0,4317.0,-0.5271515363523027,-0.5536831089200209,False,False,True,True,False
0,1,120.0,0.2732312961117544,1.0,1,5704.0,-0.14334207362442966,-0.034708317958376186,True,True,False,False,False
0,1,115.0,0.2732312961117544,1.0,1,4124.0,-0.22831146208393174,-0.6388769624126609,False,False,False,True,False
0,1,187.0,0.2732312961117544,1.0,1,9508.0,0.7438988488340921,0.9171544985112412,True,False,False,False,False
0,1,139.0,0.2732312961117544,1.0,1,5491.0,0.15032713709876397,-0.10560116209256598,True,True,False,False,False
2,1,127.0,0.2732312961117544,0.0,0,4400.0,-0.030104767190923504,-0.5182102155074139,True,True,False,True,False
2,1,134.0,0.2732312961117544,1.0,1,4713.0,0.0771017691550748,-0.3902041544346543,True,True,False,False,True
0,1,143.0,2.1372759162519452,0.0,0,5417.0,0.20704851342686906,-0.13087584463875848,False,False,False,False,True
0,1,172.0,0.2732312961117544,1.0,1,5717.0,0.5764776024325258,-0.03046763853279504,True,True,False,True,False
3,1,110.0,0.2732312961117544,1.0,1,5666.0,-0.31702518104533023,-0.047159782673306595,True,True,False,False,True
1,1,200.0,0.2732312961117544,1.0,1,6875.0,0.8785257645396366,0.3131262079331258,True,True,False,True,False
1,1,135.0,0.2732312961117544,1.0,1,4666.0,0.09196143589051677,-0.40887329974317377,False,True,False,False,True
0,1,151.0,2.1372759162519452,1.0,0,7541.0,0.31591154982831726,0.4853727303481561,False,False,False,False,False
1,1,113.0,0.2732312961117544,1.0,0,4939.0,-0.26332931348158956,-0.3029567373444882,True,True,False,False,True
0,0,93.0,0.2732312961117544,0.0,0,4734.0,-0.6517361584035141,-0.38192270716435767,True,True,False,False,True
0,0,105.0,0.2732312961117544,1.0,1,4625.0,-0.40982850555581746,-0.42531333776510033,True,True,False,True,False
0,1,132.0,0.2732312961117544,1.0,1,5000.0,0.04704933507989218,-0.2800914168917293,False,False,False,False,False
1,1,96.0,0.2732312961117544,1.0,1,3428.0,-0.5884804105807643,-0.9831775904988426,True,True,False,False,True
0,1,140.0,0.2732312961117544,1.0,1,6500.0,0.1646579855241853,0.20864013072893448,True,False,False,False,False
0,0,50.27,0.2732312961117544,1.0,0,2000.0,-1.87228297473545,-1.9866972028944718,True,False,False,False,True
0,1,135.0,0.2732312961117544,1.0,1,5428.0,0.09196143589051677,-0.12709703274123693,False,False,False,False,False
0,1,104.0,0.2732312961117544,0.0,0,4263.0,-0.4289137262111428,-0.5771298809826418,False,False,False,False,True
0,1,480.0,0.2732312961117544,1.0,0,20233.0,2.635408880599533,2.3240482503257858,True,False,False,False,False
2,0,185.0,0.2732312961117544,1.0,1,7667.0,0.7223641440520543,0.5162417861640883,True,True,False,False,False
0,1,84.0,0.2732312961117544,1.0,1,2917.0,-0.8543794523089768,-1.2838305510248473,False,False,False,True,False
0,0,111.0,0.2732312961117544,1.0,1,5332.0,-0.2989669819393486,-0.1603370962613769,True,False,False,True,False
0,1,56.0,0.2732312961117544,1.0,1,2507.0,-1.6589643207191958,-1.5659316341416563,False,False,False,False,False
2,1,144.0,-4.014071330210684,1.0,1,5746.0,0.22098265695418082,-0.021042300273946515,True,True,True,False,False
0,1,159.0,0.2732312961117544,1.0,0,4316.0,0.4191893518471891,-0.554114637674923,True,True,False,False,False
1,0,111.0,-2.5228356340985316,1.0,1,5039.0,-0.2989669819393486,-0.2656183055194514,True,True,False,False,True
2,1,120.0,0.2732312961117544,1.0,1,3717.0,-0.14334207362442966,-0.8324186711409187,True,True,False,True,False
0,1,88.0,0.2732312961117544,1.0,1,4192.0,-0.7617895440585697,-0.6084140268412007,True,True,False,False,True
1,1,112.0,0.2732312961117544,1.0,1,3541.0,-0.2810693022820758,-0.9227697258300882,False,False,False,True,False
1,1,155.0,0.2732312961117544,1.0,0,10000.0,0.3682125605965199,1.0111424102916633,True,True,True,False,False
0,1,115.0,0.2732312961117544,1.0,1,4567.0,-0.22831146208393174,-0.4488205612160953,True,True,False,True,False
3,1,124.0,0.2732312961117544,1.0,1,4531.0,-0.07785741731419019,-0.46356185000279077,True,True,False,True,False
2,0,122.19,0.2732312961117544,1.0,1,5191.0,-0.10722568867800689,-0.21025945208607258,True,True,False,False,False
0,1,132.0,0.2732312961117544,1.0,1,6151.0,0.04704933507989218,0.10583514649597597,False,False,False,False,False
3,1,300.0,0.2732312961117544,1.0,1,15000.0,1.6915780393120563,1.76651264935527,True,True,False,False,False
1,1,376.0,0.2732312961117544,0.0,0,13649.0,2.144881736251025,1.5906758235735385,True,True,True,False,False
0,1,130.0,0.2732312961117544,0.0,1,4917.0,0.016541543801698245,-0.3112725877500247,True,False,False,False,False
0,1,184.0,0.2732312961117544,1.0,1,7978.0,0.7115098013026891,0.5903145563270349,True,True,True,True,False
0,1,110.0,0.2732312961117544,1.0,0,6784.0,-0.31702518104533023,0.2883041717175292,False,True,False,False,True
0,1,67.0,0.2732312961117544,1.0,1,2500.0,-1.3036735713470895,-1.5711390153462466,False,False,False,False,True
1,1,117.0,0.2732312961117544,1.0,1,6177.0,-0.1938922358441923,0.11369262126706928,True,False,False,False,True
0,1,98.0,0.2732312961117544,1.0,1,2935.0,-0.547387643408688,-1.2723729621188669,True,False,False,True,False
0,1,71.0,0.2732312961117544,1.0,1,2833.0,-1.188586493810737,-1.3382511559626027,True,False,False,False,True
0,1,490.0,-2.5228356340985316,1.0,1,63337.0,2.6768398836170735,3.7619363782886546,True,True,False,False,True
1,1,182.0,-2.5228356340985316,1.0,1,11666.0,0.6896239803450597,1.2982113840824856,True,True,True,False,True
0,1,70.0,0.2732312961117544,1.0,1,9993.0,-1.2167474522148012,1.0098378963362118,True,True,True,True,False
1,1,160.0,0.2732312961117544,1.0,1,5938.0,0.43173441239161675,0.04018519727670668,True,True,False,False,False
2,1,176.0,0.2732312961117544,1.0,1,7100.0,0.6225019080835053,0.3731161098568535,True,True,True,False,False
3,0,96.39,0.2732312961117544,0.0,0,1830.0,-0.5804012236052405,-2.1521143993062117,False,False,False,False,True
0,1,71.0,0.2732312961117544,1.0,1,4160.0,-1.188586493810737,-0.6226875016101124,False,False,False,True,False
3,0,173.0,0.2732312961117544,1.0,0,4234.0,0.5880826818437677,-0.5898445170645995,True,True,False,False,False
0,1,46.0,0.2732312961117544,1.0,0,2378.0,-2.0473711656411204,-1.6643146997319478,False,False,False,False,False
1,0,158.0,0.2732312961117544,1.0,1,5783.0,0.40656563837188187,-0.00908568314534316,True,True,False,False,True
3,0,74.0,0.2732312961117544,1.0,1,3173.0,-1.1063923996622114,-1.1271525639323647,True,True,False,True,False
2,1,125.0,0.2732312961117544,1.0,1,4913.0,-0.061813701321556044,-0.3127885564186659,True,True,False,False,False
0,1,160.0,0.2732312961117544,1.0,1,4957.0,0.43173441239161675,-0.29618035948896104,True,True,False,True,False
0,0,152.0,0.2732312961117544,0.0,0,6753.0,0.32911471650830754,0.2797722287301202,True,True,False,False,False
2,0,126.0,0.2732312961117544,1.0,1,5251.0,-0.0458968144495472,-0.1888521841235019,True,True,False,False,True
0,1,259.0,0.2732312961117544,1.0,1,10916.0,1.3967475429445393,1.1744194893324915,True,True,False,True,False
0,1,187.0,0.2732312961117544,1.0,1,8875.0,0.7438988488340921,0.7888080503878733,True,True,False,False,False
0,1,228.0,0.2732312961117544,1.0,1,9083.0,1.1411174176835823,0.8319647774157634,True,True,False,True,False
0,1,308.0,0.2732312961117544,1.0,0,12917.0,1.7443935449607482,1.4879843875143712,True,False,False,False,False
3,1,95.0,0.2732312961117544,1.0,1,4749.0,-0.6093456305008303,-0.3760298438722888,True,True,False,False,False
0,1,105.0,0.2732312961117544,0.0,0,5500.0,-0.40982850555581746,-0.10255046942174736,False,True,True,False,False
0,1,130.0,0.2732312961117544,1.0,1,2928.0,0.016541543801698245,-1.2768203223676216,False,True,False,True,False
0,1,116.0,-2.5228356340985316,1.0,1,3813.0,-0.2110283027133869,-0.7849227274883223,False,False,False,False,True
2,1,165.0,0.2732312961117544,1.0,1,11500.0,0.49331339229133087,1.271512134457923,True,True,False,False,False
1,1,67.0,0.2732312961117544,1.0,0,3875.0,-1.3036735713470895,-0.7548794824334198,True,True,False,False,True
0,0,100.0,2.1372759162519452,0.0,0,4666.0,-0.507116786934352,-0.40887329974317377,True,True,False,False,True
3,1,200.0,0.2732312961117544,1.0,1,8334.0,0.8785257645396366,0.671640773104373,True,True,False,True,False
1,1,81.0,0.2732312961117544,1.0,0,4723.0,-0.9267276798755487,-0.3862560169305734,False,False,False,True,False
2,1,236.0,0.2732312961117544,1.0,1,8667.0,1.210256423417573,0.7446279044404899,True,True,False,True,False
0,1,130.0,0.2732312961117544,1.0,1,7083.0,0.016541543801698245,0.3686503859498665,True,True,False,False,True
0,1,95.0,-0.6587910139583409,1.0,1,6046.0,-0.6093456305008303,0.07376153434704234,True,True,False,False,True
0,1,141.0,0.2732312961117544,1.0,1,6822.0,0.1788875550228049,0.2987096609716906,True,False,True,False,False
0,0,133.0,0.2732312961117544,1.0,0,6216.0,0.0621316206119373,0.1254170472507686,True,False,False,False,False
0,1,96.0,2.1372759162519452,1.0,0,2500.0,-0.5884804105807643,-1.5711390153462466,True,False,False,True,False
0,1,124.0,0.2732312961117544,0.0,0,5124.0,-0.07785741731419019,-0.2344585712258956,True,False,False,False,False
1,1,175.0,0.2732312961117544,1.0,1,6325.0,0.6110940832111256,0.15779937682509373,True,True,False,True,False
0,1,570.0,0.2732312961117544,1.0,0,24996.0,2.980764138558226,2.7178970466695764,True,True,False,False,False
0,1,55.0,0.2732312961117544,1.0,1,15759.0,-1.694601989176953,1.8584732002091677,False,False,True,True,False
2,1,155.0,0.2732312961117544,1.0,1,5185.0,0.3682125605965199,-0.2124137696022264,True,True,False,True,False
2,1,380.0,-0.6587910139583409,1.0,1,17196.0,2.166132336715758,2.0210492713695323,True,True,True,False,False
1,1,111.0,-2.5228356340985316,0.0,0,5049.0,-0.2989669819393486,-0.2619252906513026,True,False,False,False,True
0,1,110.0,0.2732312961117544,1.0,1,4223.0,-0.31702518104533023,-0.5946900994863435,False,False,False,False,True
0,1,120.0,-2.5228356340985316,1.0,1,5740.0,-0.14334207362442966,-0.02298846207099709,True,True,False,False,True
3,1,130.0,0.2732312961117544,1.0,1,13746.0,0.016541543801698245,1.6038687949261767,True,True,False,False,False
0,1,130.0,0.2732312961117544,1.0,1,4310.0,0.016541543801698245,-0.5567059112372349,True,True,False,True,False
0,1,71.0,2.1372759162519452,1.0,0,3069.0,-1.188586493810737,-1.1892226990611112,True,False,False,False,True
2,1,130.0,0.2732312961117544,1.0,1,5391.0,0.016541543801698245,-0.13983816722426998,True,True,False,False,True
0,1,128.0,0.2732312961117544,1.0,1,5833.0,-0.014435616487031582,0.0069509573586338065,True,True,False,True,False
0,1,296.0,0.2732312961117544,1.0,1,10173.0,1.6646415077566175,1.0430956785024632,True,False,False,True,False
0,1,156.0,0.2732312961117544,1.0,1,6000.0,0.3810782638207911,0.059534412096097715,False,False,False,False,True
0,1,128.0,0.2732312961117544,1.0,1,7167.0,-0.014435616487031582,0.39061282561911576,True,False,True,False,True
2,1,100.0,0.2732312961117544,1.0,0,4566.0,-0.507116786934352,-0.44922847044398867,True,True,False,False,True
1,1,113.0,-2.5228356340985316,1.0,1,3667.0,-0.26332931348158956,-0.8576441497793218,True,False,False,False,True
0,0,132.0,0.2732312961117544,1.0,1,3946.0,0.04704933507989218,-0.7210598390826459,True,False,False,True,False
0,0,143.21,0.2732312961117544,0.0,0,6146.0,0.20998269317519802,0.10432028716301374,True,True,False,False,True
0,1,136.0,0.2732312961117544,1.0,1,4750.0,0.10671223962120965,-0.3756376482301779,True,True,False,False,True
0,1,125.0,0.2732312961117544,1.0,1,5488.0,-0.061813701321556044,-0.1066191707096256,True,True,False,False,False
3,1,185.0,0.2732312961117544,1.0,1,9167.0,0.7223641440520543,0.8491139816446811,True,False,False,False,False
3,1,275.0,0.2732312961117544,1.0,1,9504.0,1.5169907710677395,0.9163706022586029,True,True,False,False,False
0,1,120.0,0.2732312961117544,1.0,1,4698.0,-0.14334207362442966,-0.3961420922909003,True,True,False,False,True
2,0,113.0,-2.5228356340985316,1.0,1,3618.0,-0.26332931348158956,-0.8827009688195184,True,True,False,True,False
2,1,113.0,0.2732312961117544,1.0,1,4500.0,-0.26332931348158956,-0.4763498747717115,True,True,False,False,True
2,1,135.0,0.2732312961117544,1.0,1,3760.0,0.09196143589051677,-0.8109946105493852,True,True,False,True,False
0,1,71.0,0.2732312961117544,0.0,0,3180.0,-1.188586493810737,-1.1230481160924533,False,False,False,False,True
0,1,95.0,0.2732312961117544,1.0,1,4492.0,-0.6093456305008303,-0.47966430818478484,True,True,False,False,True
0,0,109.0,0.2732312961117544,1.0,1,5568.0,-0.3352468049883662,-0.07966083615653897,True,False,False,False,False
0,1,103.0,0.2732312961117544,0.0,0,3300.0,-0.44818158333117947,-1.0540568807710697,False,False,False,True,False
2,0,45.0,-2.5228356340985316,0.0,0,2889.0,-2.0906733873351704,-1.3017947091178075,True,True,False,False,True
0,0,65.0,-0.6587910139583409,1.0,0,2755.0,-1.3637817873363873,-1.3902487277347078,True,False,False,False,False
0,1,103.0,0.2732312961117544,1.0,1,22500.0,-0.44818158333117947,2.521903586937229,True,False,False,True,False
0,0,53.0,0.2732312961117544,1.0,1,1963.0,-1.767827357120644,-2.021470287654117,False,False,False,True,False
0,1,194.0,0.2732312961117544,1.0,0,7441.0,0.8175066796346325,0.4605041631759153,False,False,True,False,False
0,1,115.0,0.2732312961117544,1.0,1,4547.0,-0.22831146208393174,-0.456995762533761,False,False,False,True,False
0,0,115.0,0.2732312961117544,1.0,1,4567.0,-0.22831146208393174,-0.4488205612160953,True,True,False,False,True
0,0,66.0,0.2732312961117544,1.0,1,2213.0,-1.333503386625669,-1.7982350294342493,False,False,False,False,False
1,1,152.0,-0.6587910139583409,0.0,0,8300.0,0.32911471650830754,0.6640251982677056,True,True,False,True,False
3,1,360.0,0.2732312961117544,0.0,0,81000.0,2.0575628740851624,3.7619363782886546,True,True,False,False,False
1,0,62.0,0.2732312961117544,1.0,0,3867.0,-1.4574487085591623,-0.7587289164287733,False,False,True,True,False
0,1,160.0,0.2732312961117544,1.0,1,6256.0,0.43173441239161675,0.13736594432958976,True,True,False,False,True
0,0,218.0,0.2732312961117544,0.0,0,6096.0,1.0512151763431645,0.08910356266447536,True,True,False,False,False
0,0,110.0,0.2732312961117544,1.0,1,4286.0,-0.31702518104533023,-0.567107196540301,True,True,False,False,False
0,0,178.0,0.2732312961117544,0.0,0,5386.0,0.6451254686129454,-0.14156664437855085,False,True,False,True,False
0,1,60.0,0.2732312961117544,1.0,1,2995.0,-1.5224051708202457,-1.2346820194814752,False,False,False,False,True
1,1,160.0,0.2732312961117544,1.0,0,2600.0,0.43173441239161675,-1.4980945610455136,False,False,False,False,True
2,1,239.0,0.2732312961117544,1.0,0,21600.0,1.2355834957748884,2.445850542512208,True,True,True,False,True
0,1,112.0,0.2732312961117544,1.0,1,3798.0,-0.2810693022820758,-0.7922646208363231,True,True,False,False,False
0,1,138.0,0.2732312961117544,1.0,1,4663.0,0.13589355770039743,-0.4100713227558206,True,True,False,True,False
0,1,138.0,0.2732312961117544,1.0,1,5829.0,0.13589355770039743,0.005673093528726252,True,True,False,False,False
0,0,80.0,0.2732312961117544,0.0,0,2720.0,-0.9514332131929446,-1.4140611346549274,False,False,False,False,True
0,1,100.0,0.2732312961117544,1.0,1,3539.0,-0.507116786934352,-0.923822041808908,True,True,False,False,True
1,1,110.0,0.2732312961117544,0.0,0,8917.0,-0.31702518104533023,0.7976033085355525,True,True,False,False,True
0,1,96.0,0.2732312961117544,1.0,1,14880.0,-0.5884804105807643,1.7515487079347472,True,True,False,True,False
0,1,121.0,0.2732312961117544,1.0,1,6966.0,-0.12677016358263965,0.3376218884735143,True,True,False,False,False
1,0,81.0,0.2732312961117544,1.0,0,4606.0,-0.9267276798755487,-0.432981361678673,False,False,False,False,False
2,1,133.0,0.2732312961117544,1.0,1,5935.0,0.0621316206119373,0.03924382863808331,True,True,False,True,False
0,1,87.0,0.2732312961117544,1.0,1,2936.12000084,-0.7845409240264788,-1.271662368080976,True,True,False,False,False
0,0,60.0,-2.5228356340985316,1.0,1,2717.0,-1.5224051708202457,-1.416116430385661,True,False,False,False,True
1,1,150.0,0.2732312961117544,1.0,1,8624.0,0.302621232902513,0.7353623568863487,False,False,True,True,False
0,1,105.0,0.2732312961117544,0.0,0,6500.0,-0.40982850555581746,0.20864013072893448,True,False,False,False,False
0,1,405.0,0.2732312961117544,1.0,1,12876.0,2.2940963376428556,1.482061673394732,True,False,False,True,False
0,1,143.0,0.2732312961117544,1.0,1,4765.0,0.20704851342686906,-0.3697645991587826,True,True,False,True,False
0,1,100.0,0.2732312961117544,1.0,1,3750.0,-0.507116786934352,-0.8159550112190344,True,False,False,False,True
0,1,224.65,-1.5908133240284363,1.0,1,10047.0,1.1114450733274615,1.0198777141756632,False,True,False,True,False
0,1,50.0,0.2732312961117544,1.0,1,3777.0,-1.882914434656997,-0.8025921207417026,True,False,False,True,False
0,1,81.18,0.2732312961117544,1.0,1,3338.0,-0.9223126990995485,-1.0327317187850307,True,True,False,False,True
0,1,187.0,0.2732312961117544,0.0,0,10416.0,0.7438988488340921,1.0870722206268737,True,False,True,False,True
0,0,138.0,0.2732312961117544,1.0,1,7142.0,0.13589355770039743,0.38410340179758784,False,True,True,False,False
0,1,187.0,0.2732312961117544,1.0,1,8724.0,0.7438988488340921,0.7568395444650922,True,False,False,True,False
0,1,180.0,0.2732312961117544,1.0,1,9734.0,0.6674976510461346,0.9609173022668702,True,True,False,False,False
3,0,148.0,0.2732312961117544,1.0,1,6700.0,0.2757744924505414,0.2650942418934099,True,False,False,True,False
1,1,152.0,0.2732312961117544,1.0,1,37719.0,0.32911471650830754,3.4844513713597567,True,False,False,True,False
0,1,175.0,-0.6587910139583409,1.0,1,15666.0,0.6110940832111256,1.8474463018640934,True,True,False,False,False
1,1,130.0,0.2732312961117544,1.0,1,4676.0,0.016541543801698245,-0.4048854442160484,True,True,True,False,False
2,0,110.0,0.2732312961117544,1.0,1,4652.0,-0.31702518104533023,-0.4144706763724506,True,True,False,False,False
0,1,55.0,0.2732312961117544,1.0,0,4915.0,-1.694601989176953,-0.3120304178971289,True,True,False,False,False
2,1,150.0,0.2732312961117544,0.0,0,5050.0,0.302621232902513,-0.26155639145378556,True,True,False,False,False
1,0,190.0,0.2732312961117544,1.0,0,4311.0,0.7757751194039515,-0.5562737819552391,True,False,True,True,False
2,0,125.0,0.2732312961117544,0.0,0,3564.0,-0.061813701321556044,-0.9107106197112561,True,True,False,False,False
2,0,60.0,-0.6587910139583409,1.0,1,3414.0,-1.5224051708202457,-0.9907999726892347,True,True,False,False,True
0,1,149.0,0.2732312961117544,0.0,0,5681.0,0.28924260757539483,-0.04223478538050521,True,True,False,False,False
0,1,90.0,-2.5228356340985316,0.0,1,4949.0,-0.7170437980796045,-0.2991890406288118,True,True,False,False,False
0,1,84.0,0.2732312961117544,1.0,1,7085.0,-0.8543794523089768,0.3691763211378226,True,False,True,True,False
2,1,96.0,0.2732312961117544,1.0,1,3859.0,-0.5884804105807643,-0.7625863202724555,True,True,False,True,False
0,1,118.0,0.2732312961117544,1.0,1,4301.0,-0.1769007788579083,-0.5605995916323772,True,True,False,False,True
0,1,173.0,0.2732312961117544,1.0,0,6277.0,0.5880826818437677,0.14360857214203915,True,True,False,False,True
2,1,136.0,0.2732312961117544,1.0,1,4354.0,0.10671223962120965,-0.5377864047407086,True,False,False,False,False
0,1,160.0,0.2732312961117544,1.0,0,8334.0,0.43173441239161675,0.671640773104373,True,True,False,True,False
0,1,160.0,0.2732312961117544,1.0,1,6166.0,0.43173441239161675,0.11037234832666835,True,True,True,True,False
3,1,128.0,-2.5228356340985316,1.0,1,7740.0,-0.014435616487031582,0.5338949980621618,True,True,False,False,True
0,1,153.0,0.2732312961117544,1.0,1,5203.0,0.3422318684627023,-0.20595827574493106,True,True,False,False,False
1,0,132.0,0.2732312961117544,1.0,1,5191.0,0.04704933507989218,-0.21025945208607258,False,False,False,True,False
0,1,98.0,0.2732312961117544,0.0,0,4166.0,-0.547387643408688,-0.6200028824266403,True,False,False,True,False
0,1,140.0,0.2732312961117544,1.0,1,6000.0,0.1646579855241853,0.059534412096097715,True,False,False,False,False
3,0,70.0,-2.5228356340985316,0.0,0,4611.0,-1.2167474522148012,-0.430960398913026,True,True,False,False,True
0,1,110.0,0.2732312961117544,1.0,1,16692.0,-0.31702518104533023,1.9656297120749766,True,True,False,True,False
2,0,98.0,0.2732312961117544,1.0,1,3127.0,-0.547387643408688,-1.154351957811581,False,True,False,True,False
0,1,110.0,0.2732312961117544,1.0,0,6784.0,-0.31702518104533023,0.2883041717175292,True,True,False,False,True
1,1,162.0,0.2732312961117544,1.0,1,5529.0,0.45659245286332395,-0.09275430210881892,True,True,True,True,False
1,0,113.0,-2.5228356340985316,0.0,0,4153.0,-0.26332931348158956,-0.6258244543023036,True,True,False,False,False
3,1,100.0,0.2732312961117544,1.0,1,4691.0,-0.507116786934352,-0.39891961974318174,True,True,False,True,False
0,1,93.0,0.2732312961117544,1.0,1,2500.0,-0.6517361584035141,-1.5711390153462466,False,False,True,False,True
2,1,162.0,0.2732312961117544,1.0,1,10180.0,0.45659245286332395,1.0443771207280517,True,False,False,False,False
2,1,150.0,0.2732312961117544,1.0,1,17539.0,0.302621232902513,2.057844203543316,True,True,True,False,False
2,1,230.0,-0.6587910139583409,1.0,1,8450.0,1.1586260123904,0.6973915160786435,True,True,False,True,False
2,1,132.0,0.2732312961117544,0.0,0,4745.0,0.04704933507989218,-0.377599452550606,True,True,False,True,False
1,1,86.0,0.2732312961117544,1.0,1,18917.0,-0.8075523253938386,2.198752121328972,True,True,True,True,False
2,1,108.51,0.2732312961117544,1.0,0,4550.0,-0.3442359602305242,-0.45576719315790937,True,True,False,False,True
0,0,154.0,0.2732312961117544,1.0,1,4350.0,0.35526411916246753,-0.5394984428956084,False,False,False,False,False
3,0,113.0,0.2732312961117544,1.0,1,3095.0,-0.26332931348158956,-1.173510228328486,True,True,False,False,False
0,1,128.0,0.2732312961117544,1.0,1,5233.0,-0.014435616487031582,-0.1952485774054261,True,True,False,True,False
0,1,234.0,0.2732312961117544,1.0,1,10833.0,1.1931929678722046,1.1602003584386087,True,True,False,True,False
2,1,246.0,0.2732312961117544,1.0,1,8333.0,1.2934697409256675,0.6714172293533144,True,True,False,True,False
1,0,131.0,0.2732312961117544,1.0,1,4394.0,0.0318532199012188,-0.5207519967897309,True,True,False,False,False
2,1,80.0,0.2732312961117544,0.0,0,3547.0,-0.9514332131929446,-0.9196163393662221,True,False,False,False,False
1,1,500.0,0.2732312961117544,1.0,0,18333.0,2.7174355269785058,2.14033086185738,True,True,False,False,True
2,1,160.0,0.2732312961117544,1.0,1,6666.0,0.43173441239161675,0.25561692293989213,True,True,True,True,False
0,1,75.0,0.2732312961117544,1.0,0,2435.0,-1.0797234574092889,-1.6202012590196229,True,False,False,False,True
0,0,96.0,0.2732312961117544,1.0,1,5484.0,-0.5884804105807643,-0.10797738137007863,True,False,False,True,False
1,0,186.0,0.2732312961117544,1.0,1,6464.0,0.7331602862925659,0.19829419729877992,True,True,False,False,True
0,0,110.0,0.2732312961117544,1.0,1,3691.0,-0.31702518104533023,-0.8454932889442119,True,False,False,False,False
0,0,225.0,0.2732312961117544,1.0,1,17263.0,1.1145657049555304,2.0282939571581697,False,False,True,True,False
0,1,119.0,0.2732312961117544,0.0,0,5754.0,-0.16005151146271776,-0.018450576133577843,True,True,False,False,False
1,1,105.0,-4.014071330210684,1.0,1,4239.0,-0.40982850555581746,-0.5876461387670974,False,True,False,True,False
0,0,107.0,0.2732312961117544,1.0,1,4300.0,-0.37219234988303773,-0.5610327255157574,True,True,False,False,False
0,1,111.0,-5.132498102294799,1.0,1,7482.0,-0.2989669819393486,0.4707404557296277,True,True,False,False,True
1,1,95.0,0.2732312961117544,1.0,1,2895.0,-0.6093456305008303,-1.2979306384808218,True,True,True,True,False
0,1,209.0,0.2732312961117544,0.0,0,10699.0,0.9667212810264634,1.1370126529577937,True,False,False,False,False
0,1,113.0,2.1372759162519452,1.0,1,4328.0,-0.26332931348158956,-0.5489428775436106,False,False,False,False,False
0,1,100.0,0.2732312961117544,1.0,1,3159.0,-0.507116786934352,-1.1353886857985465,False,False,False,True,False
2,1,208.0,0.2732312961117544,1.0,1,10489.0,0.9571104002303664,1.100083050135251,True,True,False,True,False
1,0,138.0,0.2732312961117544,1.0,0,9352.0,0.13589355770039743,0.8863354773791918,True,True,False,False,False
0,0,124.0,-0.6587910139583409,1.0,1,5297.0,-0.07785741731419019,-0.17260492135520397,True,True,False,True,False
2,1,243.0,0.2732312961117544,1.0,1,7926.0,1.2688648436549665,0.5781326293204428,True,True,False,False,False
0,1,480.0,0.2732312961117544,1.0,1,27500.0,2.635408880599533,2.8957631999257765,True,True,False,False,True
0,1,96.0,0.2732312961117544,1.0,0,3583.0,-0.5884804105807643,-0.9008072861608389,True,False,False,False,True
0,1,188.0,0.2732312961117544,1.0,1,5492.0,0.7545804426061433,-0.10526194945786128,True,True,True,False,True
1,1,40.0,0.2732312961117544,1.0,1,13262.0,-2.322362687113155,1.5370898815087488,False,False,False,False,True
0,0,100.0,0.2732312961117544,1.0,0,4885.0,-0.507116786934352,-0.32343501619422543,True,False,False,False,False
1,1,250.0,0.2732312961117544,1.0,1,8069.0,1.3258154277588112,0.6114431285232665,True,True,False,True,False
2,1,148.0,0.2732312961117544,1.0,1,5318.0,0.2757744924505414,-0.1652345372100518,True,True,False,False,True
0,1,70.0,-2.5228356340985316,1.0,0,8796.0,-1.2167474522148012,0.7721512421211141,True,True,False,True,False
0,1,311.0,0.2732312961117544,1.0,0,9481.0,1.763847567834126,0.9118567870216187,True,False,False,False,False
3,1,150.0,0.2732312961117544,1.0,1,6894.0,0.302621232902513,0.31826736033898595,True,True,False,False,False
2,1,113.0,2.1372759162519452,1.0,1,3663.0,-0.26332931348158956,-0.8596770200202487,False,True,False,True,False
0,0,123.0,0.2732312961117544,0.0,0,4874.0,-0.09402999987564502,-0.3276342556115968,True,True,False,True,False
0,1,185.0,0.2732312961117544,1.0,0,6598.0,0.7223641440520543,0.23651641996894582,True,False,False,True,False
0,0,95.0,0.2732312961117544,1.0,0,3400.0,-0.6093456305008303,-0.9984536675704124,False,False,False,False,False
2,0,45.0,0.2732312961117544,1.0,1,3934.0,-2.0906733873351704,-0.7267328971809993,True,True,False,True,False
0,1,55.0,0.2732312961117544,1.0,1,2500.0,-1.694601989176953,-1.5711390153462466,True,False,False,True,False
3,1,100.0,0.2732312961117544,1.0,1,7101.0,-0.507116786934352,0.3733784664567337,True,True,True,False,False
2,1,480.0,0.2732312961117544,1.0,1,15114.0,2.635408880599533,1.7806179295420785,True,True,True,False,False
0,1,162.33,0.2732312961117544,1.0,0,6767.0,0.4606646939000482,0.28363020311168047,True,False,False,True,False
2,1,400.0,0.2732312961117544,1.0,1,17500.0,2.269145885738145,2.0536969520236337,True,True,True,False,False
0,1,110.0,0.2732312961117544,1.0,1,3775.0,-0.31702518104533023,-0.8035786843818962,True,True,False,True,False
1,0,161.0,0.2732312961117544,0.0,1,6715.0,0.4442017940446598,0.26926013479168115,True,True,False,True,False
1,0,94.0,0.2732312961117544,1.0,1,3981.0,-0.6304293383711763,-0.7046114061849982,True,False,False,True,False
0,0,130.0,0.2732312961117544,1.0,1,6783.0,0.016541543801698245,0.2880295567283105,True,False,False,True,False
0,1,216.0,0.2732312961117544,1.0,1,6525.0,1.032742792613536,0.21579115428852297,True,True,False,False,False
3,1,100.0,0.2732312961117544,1.0,1,4281.0,-0.507116786934352,-0.5692814591175167,True,True,False,False,True
2,1,110.0,0.2732312961117544,0.0,0,3588.0,-0.31702518104533023,-0.8982098712818093,True,False,False,False,False
1,1,196.0,0.2732312961117544,1.0,0,11250.0,0.8380525283582426,1.2305662752102156,True,False,False,True,False
0,0,125.0,0.2732312961117544,1.0,1,18165.0,-0.061813701321556044,2.123179778237075,False,False,True,False,True
0,0,126.0,0.2732312961117544,1.0,1,4592.0,-0.0458968144495472,-0.4386517476803143,True,False,False,False,False
0,1,324.0,0.2732312961117544,1.0,1,10039.0,1.8460416619826518,1.0183937432561367,True,True,False,False,True
2,1,107.0,0.2732312961117544,1.0,1,3617.0,-0.37219234988303773,-0.8832158576969033,True,False,False,True,False
0,0,66.0,0.2732312961117544,1.0,0,3453.0,-1.333503386625669,-0.9696432770884225,True,True,False,False,False
3,1,157.0,-2.5228356340985316,1.0,1,6417.0,0.3938622794898736,0.18469995964153776,True,True,False,False,False
1,1,140.0,-2.5228356340985316,1.0,1,7453.0,0.1646579855241853,0.46350597702232543,False,True,False,True,False
0,1,99.0,0.2732312961117544,0.0,0,2138.0,-0.5271515363523027,-1.8624428097073584,False,False,False,True,False
1,1,95.0,0.2732312961117544,1.0,1,3652.0,-0.6093456305008303,-0.865278877267801,False,False,False,True,False
1,0,128.0,0.2732312961117544,1.0,1,4763.0,-0.014435616487031582,-0.37054660353163493,True,True,False,False,True
0,0,102.0,0.2732312961117544,1.0,1,3680.0,-0.46763560620455746,-0.851052598453645,False,True,False,True,False
0,1,155.0,0.2732312961117544,1.0,1,4718.0,0.3682125605965199,-0.38822903987358687,True,True,False,False,False
0,0,80.0,-4.759689178266761,1.0,0,3358.0,-0.9514332131929446,-1.0216052277237984,True,False,False,True,False
0,1,145.0,0.2732312961117544,1.0,1,4309.0,0.23482103241546506,-0.5571381407696161,True,False,False,False,False
0,1,103.0,0.2732312961117544,0.0,0,5000.0,-0.44818158333117947,-0.2800914168917293,False,False,False,True,False
0,1,110.0,0.2732312961117544,1.0,1,4801.0,-0.31702518104533023,-0.35574435865156245,True,True,False,False,False
2,1,166.0,0.2732312961117544,0.0,0,6633.0,0.505406375813202,0.2463720144285883,True,True,True,False,False
1,0,124.74,0.2732312961117544,1.0,1,4867.0,-0.0659727850518892,-0.3303114351211573,True,True,False,False,False
1,1,158.0,0.2732312961117544,1.0,1,6583.0,0.40656563837188187,0.23227658185545547,True,True,False,False,True
0,0,181.0,0.2732312961117544,0.0,0,4787.0,0.6785912091580016,-0.36118414467935467,True,True,False,False,True
0,1,132.0,-2.5228356340985316,0.0,0,7859.0,0.04704933507989218,0.5623183326638482,True,True,False,False,False
1,1,26.0,0.2732312961117544,1.0,1,6500.0,-3.1634623643582502,0.20864013072893448,True,True,False,True,False
0,1,84.0,0.2732312961117544,1.0,1,4292.0,-0.8543794523089768,-0.564501426337963,False,False,False,False,True
3,1,260.0,0.2732312961117544,1.0,1,10139.0,1.404476825771467,1.0368589626961553,True,True,True,True,False
0,1,162.0,0.2732312961117544,1.0,1,6556.0,0.45659245286332395,0.22462047404879718,True,True,False,True,False
0,1,182.0,0.2732312961117544,1.0,1,6486.0,0.6896239803450597,0.20462353609144188,False,True,False,True,False
2,0,108.0,0.2732312961117544,1.0,1,3917.0,-0.35363483875866836,-0.7347994147215112,True,True,False,True,False
1,1,600.0,0.2732312961117544,1.0,1,19484.0,3.077164025108436,2.253772243067272,False,True,True,True,False
0,1,211.0,0.2732312961117544,1.0,1,7977.0,0.9858065016817887,0.5900810380725494,True,True,False,False,False
0,0,132.0,0.2732312961117544,1.0,1,5800.0,0.04704933507989218,-0.0036177238219963236,True,False,True,True,False
2,1,258.0,0.2732312961117544,0.0,0,8799.0,1.3889884747537578,0.7727865067943055,True,True,False,False,True
0,0,120.0,0.2732312961117544,1.0,1,4467.0,-0.14334207362442966,-0.4900600800003352,True,True,False,False,False
0,1,70.0,0.2732312961117544,1.0,1,3333.0,-1.2167474522148012,-1.0355237549601286,True,False,False,False,True
3,1,123.0,0.2732312961117544,0.0,0,5900.0,-0.09402999987564502,0.028225905393434746,True,True,False,False,False
0,1,9.0,0.2732312961117544,1.0,0,2378.0,-5.163350677103233,-1.6643146997319478,False,False,False,False,True
0,1,104.0,0.2732312961117544,0.0,0,5230.0,-0.4289137262111428,-0.1963167811944409,True,True,False,False,True
1,1,186.0,0.2732312961117544,1.0,1,5167.0,0.7331602862925659,-0.21889170872186453,True,True,False,False,True
0,1,165.0,0.2732312961117544,0.0,0,6567.0,0.49331339229133087,0.22774342781628065,True,True,False,False,True
2,1,275.0,0.2732312961117544,1.0,1,16666.0,1.5169907710677395,1.9627255591988741,True,True,False,False,True
2,0,187.0,2.1372759162519452,1.0,0,7750.0,0.7438988488340921,0.5363002725906085,True,True,False,True,False
3,1,150.0,0.2732312961117544,1.0,0,6406.0,0.302621232902513,0.1815039542885206,True,True,False,True,False
2,1,108.0,-4.014071330210684,1.0,1,3620.0,-0.35363483875866836,-0.8816716177486,True,True,False,False,True
0,1,136.0,0.2732312961117544,0.0,0,5297.0,0.10671223962120965,-0.17260492135520397,True,True,False,True,False
0,1,110.0,0.2732312961117544,1.0,1,5968.0,-0.31702518104533023,0.049572815681327105,True,False,False,False,True
1,1,107.0,0.2732312961117544,1.0,1,4014.0,-0.37219234988303773,-0.6892347682227848,True,True,False,False,False
0,1,161.0,0.2732312961117544,1.0,1,6099.0,0.4442017940446598,0.09002007923176485,True,False,False,False,True
2,1,205.0,0.2732312961117544,1.0,1,6540.0,0.9279994010330487,0.2200686308539415,True,True,False,True,False
0,1,90.0,0.2732312961117544,1.0,0,35673.0,-0.7170437980796045,3.3805479878682565,True,False,False,False,True
0,1,36.0,0.2732312961117544,1.0,1,3166.0,-2.529054332210635,-1.1312660737997788,False,True,False,True,False
1,1,61.0,0.2732312961117544,1.0,0,1880.0,-1.4896650071132511,-2.101919407853215,True,True,False,False,False
1,1,146.0,0.2732312961117544,0.0,0,4704.0,0.24856494723992567,-0.39376464570164044,True,True,False,False,False
1,1,172.0,-4.014071330210684,1.0,0,7283.0,0.5764776024325258,0.42052248335837117,True,True,False,False,False
0,1,104.0,0.2732312961117544,1.0,1,3819.0,-0.4289137262111428,-0.781994051919126,True,True,False,False,True
0,0,70.0,0.2732312961117544,1.0,1,2165.0,-1.2167474522148012,-1.8390722893128395,False,False,False,True,False
0,1,94.0,0.2732312961117544,1.0,1,4750.0,-0.6304293383711763,-0.3756376482301779,True,False,False,True,False
2,1,106.0,0.2732312961117544,0.0,0,2726.0,-0.39092249149611913,-1.4099573325751094,True,True,True,True,False
0,1,56.0,-2.5228356340985316,1.0,1,6416.0,-1.6589643207191958,0.18440964014099231,True,True,False,True,False
2,1,205.0,-1.5908133240284363,1.0,0,6000.0,0.9279994010330487,0.059534412096097715,True,True,True,True,False
3,1,292.0,0.2732312961117544,1.0,1,9357.0,1.637339723977851,0.8873312154131364,True,False,True,True,False
0,1,142.0,-2.5228356340985316,1.0,1,7159.0,0.19301726707086966,0.3885322833694454,True,True,False,False,False
0,1,260.0,0.2732312961117544,1.0,1,16120.0,1.404476825771467,1.9006686780440678,True,True,True,False,True
0,0,110.0,0.2732312961117544,1.0,1,3833.0,-0.31702518104533023,-0.7751783256158663,True,False,False,False,False
2,0,187.0,0.2732312961117544,1.0,0,7383.0,0.7438988488340921,0.44592682283574275,True,True,True,False,False
0,1,88.0,0.2732312961117544,0.0,0,2987.0,-0.7617895440585697,-1.23966364114179,True,False,False,True,False
0,1,180.0,0.2732312961117544,1.0,1,9963.0,0.6674976510461346,1.0042367535537622,True,True,True,False,False
2,1,192.0,0.2732312961117544,1.0,1,5780.0,0.7967490143046851,-0.010052285185685256,True,True,False,False,True
3,1,350.0,-2.5228356340985316,1.0,0,42083.0,2.0010008484519166,3.6884210538131557,False,False,False,False,True
0,0,155.0,0.2732312961117544,1.0,1,5686.0,0.3682125605965199,-0.040596008433467626,True,True,False,False,False
3,1,128.0,0.2732312961117544,1.0,1,5703.0,-0.014435616487031582,-0.03503492421584833,True,True,False,False,True
0,1,172.0,0.2732312961117544,1.0,1,7977.0,0.5764776024325258,0.5900810380725494,True,False,False,False,False
1,1,496.0,0.2732312961117544,1.0,1,12000.0,2.701295354749592,1.350799282831844,False,True,False,True,False
0,0,122.28,-2.5228356340985316,1.0,0,6200.0,-0.10575522313332247,0.1206159484020875,True,True,False,False,True
1,1,173.0,0.2732312961117544,1.0,1,5900.0,0.5880826818437677,0.028225905393434746,True,True,False,True,False
2,0,157.0,0.2732312961117544,1.0,1,5398.0,0.3938622794898736,-0.13742099002732447,True,True,False,False,False
0,1,108.0,0.2732312961117544,1.0,1,5182.0,-0.35363483875866836,-0.2134918632137339,True,True,False,False,False
0,1,71.0,0.2732312961117544,1.0,1,2900.0,-1.188586493810737,-1.2947166901403302,False,False,False,False,False
3,1,40.0,-2.5228356340985316,1.0,1,4106.0,-2.322362687113155,-0.6470247540757155,True,True,False,False,False
1,1,253.0,0.2732312961117544,1.0,1,8312.0,1.349738192788059,0.666716604139807,True,True,False,False,True
2,1,187.0,0.2732312961117544,1.0,1,7583.0,0.7438988488340921,0.4957193477652607,True,True,False,False,True
0,1,133.0,0.2732312961117544,0.0,0,4583.0,0.0621316206119373,-0.44230613013527353,False,False,True,True,False
